email,Benefit_Type,Covered_Services,Annual_Limit,Claim_Deadline,Benefit_Period
aainaa@regentmarkets.com,Health_Screening,"Annual medical check-ups, blood tests, vision tests, imaging tests",2000,Same month as service,Jan-Dec
aainaa@regentmarkets.com,Dental,"Routine check-ups, cleanings, fillings, extractions, X-rays, scaling, orthodontics",2000,Same month as service,Jan-Dec
aainaa@regentmarkets.com,Optical,"Eye examinations, prescription eyeglasses, contact lenses, corrective lenses/surgery (lasik)",2000,Same month as service,Jan-Dec
aaron.lim@regentmarkets.com,Health_Screening,"Annual medical check-ups, blood tests, vision tests, imaging tests",2000,Same month as service,Jan-Dec
aaron.lim@regentmarkets.com,Dental,"Routine check-ups, cleanings, fillings, extractions, X-rays, scaling, orthodontics",2000,Same month as service,Jan-Dec
aaron.lim@regentmarkets.com,Optical,"Eye examinations, prescription eyeglasses, contact lenses, corrective lenses/surgery (lasik)",2000,Same month as service,Jan-Dec
abbas.rafeiee@regentmarkets.com,Health_Screening,"Annual medical check-ups, blood tests, vision tests, imaging tests",2000,Same month as service,Jan-Dec
abbas.rafeiee@regentmarkets.com,Dental,"Routine check-ups, cleanings, fillings, extractions, X-rays, scaling, orthodontics",2000,Same month as service,Jan-Dec
abbas.rafeiee@regentmarkets.com,Optical,"Eye examinations, prescription eyeglasses, contact lenses, corrective lenses/surgery (lasik)",2000,Same month as service,Jan-Dec
